"date_from","date_to","t","price","step_backward","nbre_generation","t_until_critical_point","days_before_critical_time","m","omega","tc","A","B","C1","C2"
"2003-03-12","2010-10-29","2010.828","1183.26","-2","100","0.856719638882396","312","0.194591254935612","5.00000006650412","2011.68471963888","6.40673937227615","0.51264634589779","0.0842766849364155","0.128358486353137"
"2003-03-12","2010-10-28","2010.825","1183.78","-3","100","0.854210291125355","311","0.192268240272886","5.00000000505218","2011.67921029113","6.39723843346852","0.521792030917444","0.0856083499951638","0.128278053558457"
"2003-03-12","2010-10-27","2010.822","1182.45","-4","100","0.851672285784616","310","0.189865889911258","5.00000004243843","2011.67367228578","6.38722401044919","0.531445693227372","0.0869619273196199","0.128199182427988"
"2003-03-12","2010-10-26","2010.819","1185.64","-5","100","0.849154989152339","309","0.187396050981398","5.00000000327809","2011.66815498915","6.37671968888479","0.541585531409424","0.0883269389286079","0.128124339660723"
"2003-03-12","2010-10-25","2010.817","1185.62","-6","100","0.845532061334552","308","0.184787259701454","5.00000001813761","2011.66253206133","6.36540325372043","0.552528004719565","0.0897370369529613","0.128053520810775"
"2003-03-12","2010-10-22","2010.808","1183.08","-9","100","0.848869085190699","309","0.182038617774231","5.00000017497068","2011.65686908519","6.35322150079583","0.564325747819125","0.0911813662906043","0.127993764676268"
"2003-03-12","2010-10-21","2010.806","1180.26","-10","100","0.845421017426133","308","0.17948716976146","4.99999999967745","2011.65142101743","6.341510629031","0.575672447532504","0.0925633744139431","0.127904755465235"
"2003-03-12","2010-10-20","2010.803","1178.17","-11","100","0.843001524630608","307","0.176829997288675","4.99999999309511","2011.64600152463","6.329044652361","0.587767989249422","0.093961596624595","0.127828114746996"
"2003-03-12","2010-10-19","2010.8","1165.9","-12","100","0.840626409239121","306","0.174118068390214","4.99999999112214","2011.64062640924","6.31597865626777","0.600459779654453","0.0953663441360944","0.127755563254481"
"2003-03-12","2010-10-18","2010.797","1184.71","-13","100","0.838567022349935","306","0.171489683010857","4.999999998684","2011.63556702235","6.30294016085424","0.61313222282638","0.0967062291106522","0.127692863189402"
"2003-03-12","2010-10-15","2010.789","1176.19","-16","100","0.841009823463082","306","0.168521049872833","5.00000006196346","2011.63000982346","6.28783092663312","0.627845064430242","0.0981975277698913","0.127625028090866"
"2003-03-12","2010-10-14","2010.786","1173.81","-17","100","0.83874924324482","306","0.165748554924111","5.00000001776277","2011.62474924324","6.27321606705422","0.64208933343538","0.0996089392380675","0.127539566374967"
"2003-03-12","2010-10-13","2010.783","1178.1","-18","100","0.836573497295603","305","0.162929215272507","4.99999999756942","2011.6195734973","6.25788329578687","0.657044729484499","0.101018162002152","0.127462807515705"
"2003-03-12","2010-10-12","2010.781","1169.77","-19","100","0.833261189282894","304","0.160054571725739","5.00000006811415","2011.61426118928","6.24168004440499","0.67286299229085","0.102470982899288","0.127367657882604"
"2003-03-12","2010-10-11","2010.778","1165.32","-20","100","0.831133029802913","303","0.157103756970493","5.00000008012871","2011.6091330298","6.2245395029727","0.689614406808138","0.103907217158586","0.127299011377655"
"2003-03-12","2010-10-08","2010.769","1165.15","-23","100","0.835128371126984","304","0.1541423728116","5.00000004112745","2011.60412837113","6.20670318810695","0.707057932203644","0.105329303320886","0.127237507355389"
"2003-03-12","2010-10-07","2010.767","1158.06","-24","100","0.832228181621076","303","0.151349382848494","5.00000004555687","2011.59922818162","6.18919384964479","0.724195839597377","0.106709718822008","0.127142698800631"
"2003-03-12","2010-10-06","2010.764","1159.97","-25","100","0.830486268501318","303","0.148546112316483","5.00000033123063","2011.5944862685","6.17099394567506","0.742020783144406","0.108068452962412","0.127061458141591"
"2003-03-12","2010-10-05","2010.761","1160.75","-26","100","0.828689702271959","302","0.145662956993719","5.00000003350003","2011.58968970227","6.15157233235731","0.761058151235989","0.109457871039304","0.126977500534662"
"2003-03-12","2010-10-04","2010.758","1137.03","-27","100","0.826852468200059","301","0.142686119036652","4.99999999974218","2011.5848524682","6.13075057999277","0.781487868030414","0.110877549075453","0.126894447481079"
"2003-03-12","2010-10-01","2010.75","1146.24","-30","100","0.830605866064161","303","0.140003398821975","5.00000005747354","2011.58060586606","6.11118503328932","0.800684937475174","0.11214174820168","0.126829337042943"
"2003-03-12","2010-09-30","2010.747","1141.2","-31","100","0.82923275937992","302","0.137329652161973","5.0000000941398","2011.57623275938","6.090896459398","0.820608047038556","0.113432629311073","0.126732894683466"
"2003-03-12","2010-09-29","2010.744","1144.73","-32","100","0.827980591126561","302","0.134710982423072","5.00000029099905","2011.57198059113","6.07021978182832","0.840920212271864","0.114697222894526","0.126634986689165"
"2003-03-12","2010-09-28","2010.742","1147.7","-33","100","0.825614378824412","301","0.131918597427944","5.00000003832343","2011.56761437882","6.04738222623297","0.863380878790634","0.116018107623737","0.126543114569215"
"2003-03-12","2010-09-27","2010.739","1142.16","-34","100","0.824137205831221","300","0.129009353377139","4.99999999416222","2011.56313720583","6.02256475201576","0.887807069216213","0.117388104635384","0.126447524397594"
"2003-03-12","2010-09-24","2010.731","1148.67","-37","100","0.827774968508493","302","0.126167188105293","5.00000005402627","2011.55877496851","5.99718280588186","0.912800628099391","0.118731831625222","0.126346767632612"
"2003-03-12","2010-09-23","2010.728","1124.83","-38","100","0.826405355648603","301","0.123295321318861","5.00000000205206","2011.55440535565","5.97038668854184","0.939207401996551","0.120084210708291","0.126238701794546"
"2003-03-12","2010-09-22","2010.725","1134.28","-39","100","0.825579728280672","301","0.120778276204138","5.00000028529834","2011.55057972828","5.94576107063841","0.963475374206393","0.121274888789064","0.126139681691559"
"2003-03-12","2010-09-21","2010.722","1139.78","-40","100","0.82448750270305","300","0.118073700237859","5.0000000760181","2011.5464875027","5.91818984632559","0.990671551006328","0.122556402935315","0.126024783025969"
"2003-03-12","2010-09-20","2010.719","1142.71","-41","100","0.823271763443245","300","0.115224975705294","5.00000005025531","2011.54227176344","5.88779873293132","1.02067007190179","0.123893423688681","0.12590849938994"
"2003-03-12","2010-09-17","2010.711","1125.59","-44","100","0.826961967197349","301","0.112268644632677","5.00000025265888","2011.5379619672","5.85467623986079","1.05338902451979","0.125274760044634","0.125786880024676"
"2003-03-12","2010-09-16","2010.708","1124.66","-45","100","0.826198920325396","301","0.109760627347831","5.00000002296305","2011.53419892033","5.82501989244027","1.08268289413377","0.126470749549007","0.125660675951346"
"2003-03-12","2010-09-15","2010.706","1125.07","-46","100","0.824445474388995","300","0.107236416924293","5.00000056381392","2011.53044547439","5.79377550928691","1.11356095307667","0.127672481417387","0.125531465285488"
"2003-03-12","2010-09-14","2010.703","1121.1","-47","100","0.823642089228088","300","0.104627202293207","5.00000005940405","2011.52664208923","5.75993360349594","1.14702562313943","0.128905282361131","0.125401980977762"
"2003-03-12","2010-09-13","2010.7","1121.9","-48","100","0.82286882848507","300","0.102120723288813","5.00000067861041","2011.52286882849","5.72570338507458","1.18088759361411","0.130119735323357","0.125249612498508"
"2003-03-12","2010-09-10","2010.692","1109.55","-51","100","0.82719144693192","301","0.100004858950342","5.00000145076531","2011.51919144693","5.69485434952172","1.21136707804609","0.131253447488299","0.125040384369328"
"2003-03-12","2010-09-09","2010.689","1104.18","-52","100","0.827004812743326","301","0.10000542563998","5.00000996155219","2011.51600481274","5.69166882446273","1.21429083471078","0.131920850264465","0.124532136160376"
"2003-03-12","2010-09-08","2010.686","1098.87","-53","100","0.826933188759085","301","0.100000041318895","5.00000047256879","2011.51293318876","5.68848762527022","1.21721455403986","0.13256695231057","0.124037919205074"
"2003-03-12","2010-09-07","2010.683","1091.84","-54","100","0.827020610593991","301","0.100002993001262","5.00000056638215","2011.51002061059","5.68548623929655","1.21995900352922","0.13317596150405","0.123569267640059"
"2003-03-12","2010-09-06","2010.672","1104.51","-55","100","0.835279636011137","304","0.100012431273574","5.00001558568684","2011.50727963601","5.68268226445301","1.22251193165901","0.133744753043469","0.12312894022972"
"2003-03-12","2010-09-03","2010.672","1104.51","-58","100","0.835198717448975","304","0.100029641334304","5.00000789222887","2011.50719871745","5.6829305008475","1.22227250227427","0.133759581749959","0.123107807676738"
"2003-03-12","2010-09-02","2010.669","1090.1","-59","100","0.83542450268078","304","0.100002270922805","5.00000012103061","2011.50442450268","5.67965121942624","1.22530097842406","0.134338094067034","0.122659241885308"
"2003-03-12","2010-09-01","2010.667","1049.33","-60","100","0.834969608076108","304","0.100001999180894","5.00000003558392","2011.50196960808","5.67699351740639","1.22772680990976","0.134843777523367","0.122259450720719"
"2003-03-12","2010-08-31","2010.667","1049.33","-61","100","0.832751380946775","303","0.100007478957809","5.00001194268193","2011.49975138095","5.67455816023922","1.22993691486849","0.1352975182627","0.121901231239075"
"2003-03-12","2010-08-30","2010.664","1048.92","-62","100","0.834165690704594","304","0.100003547955046","5.00000291641099","2011.4981656907","5.67253279337229","1.23177403899265","0.135626686362663","0.121649092973035"
"2003-03-12","2010-08-27","2010.656","1064.59","-65","100","0.840617114768975","306","0.100007330980995","5.00000083332979","2011.49661711477","5.67063908113445","1.23348158822033","0.135944933008935","0.121402278439314"
"2003-03-12","2010-08-26","2010.653","1047.22","-66","100","0.841897942229934","307","0.100009542247173","5.00000039779278","2011.49489794223","5.66857540122418","1.23534728014003","0.136294884828994","0.121124989721427"
"2003-03-12","2010-08-25","2010.65","1055.33","-67","100","0.843648136449929","307","0.100002536770594","5.00000000789581","2011.49364813645","5.66676604626502","1.23698316382827","0.136550028994387","0.12093095907303"
"2003-03-12","2010-08-24","2010.647","1051.87","-68","100","0.845184756346725","308","0.100018714861959","5.00002044485556","2011.49218475635","5.66512864564009","1.23844184167482","0.136840525745474","0.120696770052972"
"2003-03-12","2010-08-23","2010.644","1067.36","-69","100","0.846975232980867","309","0.100000777720284","5.00000072514973","2011.49097523298","5.66313150669817","1.24025542854344","0.137090764128934","0.120509636750588"
"2003-03-12","2010-08-20","2010.636","1071.69","-72","100","0.853244580461251","311","0.100003140397402","5.00000236903915","2011.48924458046","5.66111047223193","1.24208482180329","0.137438965508057","0.120224748305376"
"2003-03-12","2010-08-19","2010.633","1075.63","-73","100","0.854627891077598","311","0.100007231158036","5.00000510826019","2011.48762789108","5.65919722359703","1.24381056299527","0.137760719463919","0.119958624189708"
"2003-03-12","2010-08-18","2010.631","1094.16","-74","100","0.854935288483148","312","0.100000181833216","5.00000012810073","2011.48593528848","5.65707098031257","1.24574431535132","0.138099951578746","0.119678418852043"
"2003-03-12","2010-08-17","2010.628","1092.54","-75","100","0.855714637685196","312","0.100004388926777","5.00000605958521","2011.48371463769","5.65467367958744","1.24792192400411","0.138540762083282","0.119301768990969"
"2003-03-12","2010-08-16","2010.625","1079.38","-76","100","0.856555862231289","312","0.100002565997674","5.00000028135945","2011.48155586223","5.65223861530481","1.25013918706809","0.138970923928477","0.11893374733272"
"2003-03-12","2010-08-13","2010.617","1079.25","-79","100","0.862793811927077","314","0.100001761836171","5.00000088733981","2011.47979381193","5.65011995304447","1.252058944246","0.139319779893622","0.118637683469578"
"2003-03-12","2010-08-12","2010.614","1083.61","-80","100","0.864234949367528","315","0.100005336718226","5.00000082583211","2011.47823494937","5.64825191654366","1.25374244062356","0.13962488375554","0.118375044728771"
"2003-03-12","2010-08-11","2010.611","1089.47","-81","100","0.865703147323075","315","0.100009940656174","5.0000018958671","2011.47670314732","5.64632385969504","1.25547277362111","0.139922994148079","0.118119668135879"
"2003-03-12","2010-08-10","2010.608","1121.06","-82","100","0.866789775918505","316","0.100001715366712","5.00000040867624","2011.47478977592","5.64410097816218","1.2575053033803","0.140299169972357","0.117788385552293"
"2003-03-12","2010-08-09","2010.606","1127.79","-83","100","0.866073442435209","316","0.100001520954875","5.00000655574198","2011.47207344244","5.64126178579817","1.26009931534293","0.140829347636456","0.117309852967148"
"2003-03-12","2010-08-06","2010.597","1121.64","-86","100","0.872074025344546","318","0.100059472234819","5.00001134526221","2011.46907402534","5.63902212177861","1.26208558796321","0.141403896415476","0.116765458916806"
"2003-03-12","2010-08-05","2010.594","1125.81","-87","100","0.872565249910622","318","0.100001309224892","5.0000140234313","2011.46656524991","5.6355346134482","1.26533318218395","0.141899315261218","0.116329029098107"
"2003-03-12","2010-08-04","2010.592","1127.24","-88","100","0.871895599811751","318","0.100002433355211","5.00000017928366","2011.46389559981","5.63276842272752","1.2678582818772","0.142416382858979","0.115846211646216"
"2003-03-12","2010-08-03","2010.589","1120.46","-89","100","0.87211393081725","318","0.100000208802116","5.00000030760994","2011.46111393082","5.62987210501295","1.27050902177408","0.142952861974477","0.115342724402087"
"2003-03-12","2010-08-02","2010.586","1125.86","-90","100","0.872652047493148","318","0.100003347082431","5.00000175028515","2011.45865204749","5.62721581417922","1.27292333494656","0.143424214309333","0.114899763714589"
"2003-03-12","2010-07-30","2010.581","1101.6","-93","100","0.875027656513794","319","0.100023726287638","5.00000302455069","2011.45602765651","5.62466529782907","1.27522348772383","0.143922439310497","0.114420954698509"
"2003-03-12","2010-07-29","2010.578","1101.53","-94","100","0.87612252619374","319","0.100004303443788","5.00000239853196","2011.45412252619","5.62222978396867","1.27745892615146","0.144288326277268","0.11408041682964"
"2003-03-12","2010-07-28","2010.575","1106.13","-95","100","0.877311294889068","320","0.100021646164316","5.00001094208131","2011.45231129489","5.62033075455823","1.27915695500498","0.14462670528869","0.113753895159471"
"2003-03-12","2010-07-27","2010.572","1113.84","-96","100","0.878372781020516","320","0.10000067008693","5.0000013306879","2011.45037278102","5.61779946646716","1.28147889199039","0.144998260677365","0.113404413459834"
"2003-03-12","2010-07-26","2010.569","1115.01","-97","100","0.879218231039431","320","0.100000725950396","5.00000031278419","2011.44821823104","5.61537084908874","1.28368513574719","0.145404807460396","0.113010358782054"
"2003-03-12","2010-07-23","2010.561","1102.66","-100","100","0.885038965879858","323","0.100008297853468","5.00000059810462","2011.44603896588","5.61302395683428","1.28580814861223","0.145813319504139","0.112608990556668"
"2003-03-12","2010-07-22","2010.558","1093.67","-101","100","0.886502971959771","323","0.100001616183166","5.00000889812525","2011.44450297196","5.61101370320172","1.28763096731938","0.14609877618868","0.112333735531707"
"2003-03-12","2010-07-21","2010.556","1069.59","-102","100","0.887373920647633","323","0.100007469506297","5.00000797060872","2011.44337392065","5.60947894277901","1.28899614710522","0.146305145230733","0.112134435380019"
"2003-03-12","2010-07-20","2010.553","1083.48","-103","100","0.889990372116699","324","0.100000134713981","5.00000033550303","2011.44299037212","5.60845611295507","1.28990376098047","0.146374578120766","0.11207857943576"
"2003-03-12","2010-07-19","2010.55","1071.25","-104","100","0.892255436779806","325","0.100004188340864","5.00000770722121","2011.44225543678","5.60726225400116","1.29095679578333","0.146505304202674","0.111955924091399"
"2003-03-12","2010-07-16","2010.542","1064.88","-107","100","0.900046988291024","328","0.100000160489607","5.00000327896035","2011.44204698829","5.60640752108782","1.29170282365633","0.146539806080872","0.111934580008896"
"2003-03-12","2010-07-15","2010.539","1096.48","-108","100","0.903390364494498","329","0.100003982211853","5.00000318035192","2011.44239036449","5.60615318823282","1.29188559498109","0.146468177273639","0.112019343250247"
"2003-03-12","2010-07-14","2010.536","1095.17","-109","100","0.905653720929649","330","0.100003167143551","5.00000088394894","2011.44165372093","5.60492619696828","1.29297607180866","0.146599758036517","0.111892635859454"
"2003-03-12","2010-07-13","2010.533","1095.34","-110","100","0.908034636767979","331","0.100001787597416","5.0000001331397","2011.44103463677","5.60380061500882","1.29397373663508","0.146708983576627","0.111788652919997"
"2003-03-12","2010-07-12","2010.531","1078.75","-111","100","0.909525949261706","331","0.100001336467414","5.00000021659095","2011.44052594926","5.60276881446121","1.29488232617972","0.146796807555559","0.111706376002317"
"2003-03-12","2010-07-09","2010.522","1077.96","-114","100","0.918700240463522","335","0.100000107391065","5.00000105772079","2011.44070024046","5.60234111927302","1.29523405301067","0.146757525846481","0.111757305570232"
"2003-03-12","2010-07-08","2010.519","1070.25","-115","100","0.922335981521883","336","0.100006291584878","5.00000212824607","2011.44133598152","5.6024265771173","1.29510370644244","0.146630571692616","0.111896872073141"
"2003-03-12","2010-07-07","2010.517","1060.27","-116","100","0.925443216580106","337","0.100000969075157","5.00000235659983","2011.44244321658","5.60278868651868","1.29473121356909","0.146418454351737","0.112129522721424"
"2003-03-12","2010-07-06","2010.514","1028.06","-117","100","0.930126559975179","339","0.100001603577384","5.00000346840024","2011.44412655998","5.60377424420519","1.29377890372033","0.146098082345437","0.112472708332678"
"2003-03-12","2010-07-05","2010.503","1022.58","-118","100","0.944522621684655","344","0.100002991677265","5.00000742437843","2011.44752262168","5.60635873233454","1.29135464213177","0.145458672661654","0.113147357242933"
"2003-03-12","2010-07-02","2010.503","1022.58","-121","100","0.944534565051299","344","0.100000714175532","5.00000040775805","2011.44753456505","5.6063348727555","1.29137862840292","0.145457785414262","0.113148841406286"
"2003-03-12","2010-07-01","2010.5","1027.37","-122","100","0.951777325976764","347","0.100003383508222","5.00000031103331","2011.45177732598","5.60983806031798","1.28811743079499","0.144661917692841","0.113982317956263"
"2003-03-12","2010-06-30","2010.497","1030.71","-123","100","0.959481203797168","350","0.100008195307193","5.00002652877736","2011.4564812038","5.61374134849178","1.28448282062567","0.14377132466525","0.114906245227721"
"2003-03-12","2010-06-29","2010.494","1041.24","-124","100","0.967090964943964","352","0.100000808280746","5.00000168178086","2011.46109096494","5.61766637725331","1.28086187796337","0.142908084125044","0.115793882860889"
"2003-03-12","2010-06-28","2010.492","1074.57","-125","100","0.973887324036241","355","0.100011045524654","5.00000196993735","2011.46588732404","5.62196880343243","1.27687289277385","0.141997749734356","0.116715040954394"
"2003-03-12","2010-06-25","2010.483","1076.76","-128","100","0.98637043470012","360","0.100002132952185","5.0000010608745","2011.4693704347","5.62477798574889","1.27427695303417","0.141334973625982","0.117384865366594"
"2003-03-12","2010-06-24","2010.481","1073.69","-129","100","0.992246932602256","362","0.100001899406249","5.00000100624675","2011.4732469326","5.62819918425497","1.27111918549596","0.140595683024986","0.118124080130007"
"2003-03-12","2010-06-23","2010.478","1092.04","-130","100","0.999690362976708","364","0.100004845170874","5.00000319640457","2011.47769036298","5.63228048124142","1.26735851196368","0.139745348403904","0.11896511950746"
"2003-03-12","2010-06-22","2010.475","1095.31","-131","100","1.00662420731055","367","0.100037932902276","5.00001166501037","2011.48162420731","5.63628396040614","1.26363586613973","0.13898164693848","0.119702437767268"
"2003-03-12","2010-06-21","2010.472","1113.2","-132","100","1.01349595759052","369","0.100008977907466","5.00000045078375","2011.48549595759","5.63953529762921","1.26068300973088","0.138243470773839","0.120429720744608"
"2003-03-12","2010-06-18","2010.464","1117.51","-135","100","1.02475885992658","374","0.100000775906613","5.00000077011961","2011.48875885993","5.64245915661436","1.25800543925421","0.137613426526523","0.121039626382613"
"2003-03-12","2010-06-17","2010.461","1116.04","-136","100","1.0312138614172","376","0.100013583022574","5.00000047169669","2011.49221386142","5.64595170654783","1.25479086623292","0.136941789554255","0.121678759355915"
"2003-03-12","2010-06-16","2010.458","1114.61","-137","100","1.03793794085345","378","0.100000864319846","5.00000070420707","2011.49593794085","5.64948651450012","1.25157580652391","0.13622184000757","0.122368350751445"
"2003-03-12","2010-06-15","2010.456","1115.23","-138","100","1.04410707005627","381","0.100000147647475","5.0000001723907","2011.50010707006","5.65372467703759","1.24771143889626","0.135411306079232","0.123133641638275"
"2003-03-12","2010-06-14","2010.453","1089.63","-139","100","1.05148794756838","383","0.100002399701088","5.00000231279819","2011.50448794757","5.65832652031297","1.24351974098401","0.134556041865136","0.123932889723617"
"2003-03-12","2010-06-11","2010.444","1091.6","-142","100","1.06664568617248","389","0.100000765574661","5.00000040569069","2011.51064568617","5.66504933977805","1.23742395198789","0.133353372547935","0.125047870319779"
"2003-03-12","2010-06-10","2010.442","1086.84","-143","100","1.07476700865641","392","0.10000247900103","5.00000331206904","2011.51676700866","5.67206953444833","1.23107374100818","0.132151664055678","0.126150126924952"
"2003-03-12","2010-06-09","2010.439","1055.69","-144","100","1.08463357380992","395","0.100015812316587","5.00000696801969","2011.52363357381","5.6802316200123","1.22368504631728","0.130791921512397","0.127375066238478"
"2003-03-12","2010-06-08","2010.436","1062","-145","100","1.0954679529666","399","0.100000293656409","5.00000004361023","2011.53146795297","5.68984141681899","1.21506821297415","0.12924426027029","0.128765633991842"
"2003-03-12","2010-06-07","2010.433","1050.47","-146","100","1.10614538630989","403","0.100004788487328","5.00000337953879","2011.53914538631","5.69975199167068","1.20616813518059","0.127709177316849","0.130116134073382"
"2003-03-12","2010-06-04","2010.425","1064.88","-149","100","1.12197819106859","409","0.100001987057451","5.00000196691711","2011.54697819107","5.71028085896711","1.19675094654066","0.126135255160527","0.131485751723178"
"2003-03-12","2010-06-03","2010.422","1102.83","-150","100","1.13162342423175","413","0.100007651516877","5.00000650819474","2011.55362342423","5.71977973025041","1.18826795988654","0.124788306295332","0.132644401478507"
"2003-03-12","2010-06-02","2010.419","1098.38","-151","100","1.1393319468757","415","0.100007051672992","5.00000802447","2011.55833194688","5.72669673314925","1.18210908111307","0.123829431857749","0.133463832814134"
"2003-03-12","2010-06-01","2010.417","1070.71","-152","100","1.14583056707238","418","0.10009853994923","5.00009180280559","2011.56283056707","5.73475547879527","1.17482356944668","0.12288141988035","0.134242773103983"
"2003-03-12","2010-05-31","2010.408","1089.41","-153","100","1.16028015226311","423","0.100000369780614","5.00000342912203","2011.56828015226","5.74224731856774","1.16831705531178","0.121792916896999","0.135194473197953"
"2003-03-12","2010-05-28","2010.408","1089.41","-156","100","1.16027032749548","423","0.100000628574129","5.00000210820839","2011.5682703275","5.74224158652589","1.16832202930707","0.121795207189066","0.135192567408828"
"2003-03-12","2010-05-27","2010.406","1103.06","-157","100","1.16582699562764","425","0.100003938109064","5.00002512593902","2011.57182699563","5.74876363336815","1.16256914483933","0.121061992167594","0.135824405082451"
"2003-03-12","2010-05-26","2010.403","1067.95","-158","100","1.17280917680409","428","0.100000090597245","5.00000045972005","2011.5758091768","5.75547416848158","1.15663877547181","0.12023817485965","0.136516534206171"
"2003-03-12","2010-05-25","2010.4","1074.03","-159","100","1.17982579846512","430","0.100000975850695","5.00000187056278","2011.57982579847","5.76315731209649","1.14987754416775","0.119403834042384","0.13722890889586"
"2003-03-12","2010-05-24","2010.397","1073.65","-160","100","1.18638108642995","433","0.100000043104545","5.00000031814605","2011.58338108643","5.77030454804228","1.14360327788432","0.118662619224111","0.137864274983682"
"2003-03-12","2010-05-21","2010.389","1087.69","-163","100","1.19760573574194","437","0.100001639834385","5.00000035248808","2011.58660573574","5.77723363799566","1.13753074783399","0.117987191444758","0.138446765432059"
"2003-03-12","2010-05-20","2010.386","1071.59","-164","100","1.20310816281153","439","0.100000883739932","5.00000787397931","2011.58910816281","5.78311773074696","1.13239382596397","0.117459724165083","0.138911472099681"
"2003-03-12","2010-05-19","2010.383","1115.05","-165","100","1.2085901277087","441","0.100002249540944","5.00000959470715","2011.59159012771","5.78944796918867","1.12687715740969","0.116935733590579","0.139379935903883"
"2003-03-12","2010-05-18","2010.381","1120.8","-166","100","1.21221851461951","442","0.100010037028783","5.00003080362122","2011.59321851462","5.79397144059138","1.1229327061421","0.116586210179748","0.139695164811913"
"2003-03-12","2010-05-17","2010.378","1136.94","-167","100","1.21676065551674","444","0.1000002097412","5.00000050444862","2011.59476065552","5.79814278144568","1.11932221485335","0.116264938460187","0.139990907621337"
"2003-03-12","2010-05-14","2010.369","1135.68","-170","100","1.22702655743933","447","0.100003133776694","5.00000806538544","2011.59602655744","5.80180801575209","1.11613523131322","0.115992390184198","0.140239603390591"
"2003-03-12","2010-05-13","2010.367","1157.44","-171","100","1.22983411929977","448","0.100002804181697","5.00000167285567","2011.5968341193","5.80498956725391","1.11339336588712","0.115821778060696","0.140415756227774"
"2003-03-12","2010-05-12","2010.364","1171.67","-172","100","1.23357295340452","450","0.100000674840535","5.00000338871507","2011.5975729534","5.80760910270615","1.11113412554123","0.115662615628044","0.14057349194306"
"2003-03-12","2010-05-11","2010.361","1155.79","-173","100","1.23707542194006","451","0.100000891381041","5.00000070181009","2011.59807542194","5.80969942011286","1.10933350460303","0.115554848043918","0.14068617728299"
"2003-03-12","2010-05-10","2010.358","1159.73","-174","100","1.24042416133375","452","0.100016067813936","5.00002051358645","2011.59842416133","5.81213598052847","1.1072242924027","0.115475246343712","0.140782404817512"
"2003-03-12","2010-05-07","2010.35","1110.88","-177","100","1.24908129613527","455","0.100001539408973","5.00000150949973","2011.59908129614","5.81453410920974","1.10517899052098","0.115336730650589","0.14092796333315"
"2003-03-12","2010-05-06","2010.347","1128.15","-178","100","1.25254646693975","457","0.100002009231025","5.00000796586539","2011.59954646694","5.81798768756065","1.10222797535439","0.115233029812806","0.141069329041351"
"2003-03-12","2010-05-05","2010.344","1165.87","-179","100","1.25584627035369","458","0.100000727019171","5.00000047576607","2011.59984627035","5.82086355430486","1.09977893389641","0.115167731906998","0.141174383426057"
"2003-03-12","2010-05-04","2010.342","1173.6","-180","100","1.25800176034886","459","0.100002017493885","5.00000678910066","2011.60000176035","5.82275174135946","1.09817014275514","0.115131050670318","0.141239057324954"
"2003-03-12","2010-05-03","2010.339","1202.26","-181","100","1.26113037729101","460","0.100001086577313","5.000000054078","2011.60013037729","5.82443110666025","1.09674315189253","0.1151026613832","0.141294408280479"
"2003-03-12","2010-04-30","2010.331","1186.69","-184","100","1.26920131592033","463","0.100005464144956","5.00000105283035","2011.60020131592","5.82547149170778","1.0958508094171","0.115084969951251","0.141326233058216"
"2003-03-12","2010-04-29","2010.328","1206.78","-185","100","1.27218256718152","464","0.100000324196738","5.00000799600225","2011.60018256718","5.82662094439166","1.09488949629508","0.115086366434451","0.141354717093646"
"2003-03-12","2010-04-28","2010.325","1191.36","-186","100","1.27507825936209","465","0.100014146882903","5.00000130881818","2011.60007825936","5.82745810169626","1.0941634035361","0.115107189123703","0.141352776951418"
"2003-03-12","2010-04-27","2010.322","1183.71","-187","100","1.27690989948292","466","0.100066504212339","5.00037950966598","2011.59890989948","5.82752326654668","1.09410721499518","0.115293234821163","0.14123555841297"
"2003-03-12","2010-04-26","2010.319","1212.05","-188","100","1.28089478719494","467","0.100000162600307","5.00000133911075","2011.59989478719","5.8295138255921","1.09246192744618","0.115143779294778","0.141384834468801"
"2003-03-12","2010-04-23","2010.311","1217.28","-191","100","1.28882003169929","470","0.100000290219937","5.00000643997918","2011.5998200317","5.83008971598101","1.09197965758026","0.115157457043024","0.141389711985109"
"2003-03-12","2010-04-22","2010.308","1208.67","-192","100","1.29178767714302","471","0.100011746862521","5.00001038540927","2011.59978767714","5.83070227825748","1.09144293098344","0.115159892829863","0.14139562217106"
"2003-03-12","2010-04-21","2010.306","1205.94","-193","100","1.29353458319702","472","0.100003980753385","5.00000556809729","2011.5995345832","5.83102433502238","1.09120116130552","0.115215936398963","0.141372887249726"
"2003-03-12","2010-04-20","2010.303","1207.17","-194","100","1.29646933127128","473","0.100005278028645","5.00000546671378","2011.59946933127","5.83172428589276","1.09061059766873","0.115226563353712","0.141381162394412"
"2003-03-12","2010-04-19","2010.3","1197.52","-195","100","1.29925588228593","474","0.100000304990664","5.00000219414787","2011.59925588229","5.83214476764459","1.09027772173306","0.115272345560007","0.141365223989661"
"2003-03-12","2010-04-16","2010.292","1192.13","-198","100","1.30700553412589","477","0.100003411921385","5.00000226243155","2011.59900553413","5.83282252858917","1.08971506135708","0.115323129777468","0.14134747589274"
"2003-03-12","2010-04-15","2010.289","1211.67","-199","100","1.30971790017929","478","0.100000428021866","5.00000023758589","2011.59871790018","5.83347571174397","1.08918620595754","0.115382150955699","0.141327182688542"
"2003-03-12","2010-04-14","2010.286","1210.65","-200","100","1.31256307534659","479","0.100013800790717","5.00000857627017","2011.59856307535","5.83400503389353","1.08872459019074","0.115409595109278","0.141314889527163"
"2003-03-12","2010-04-13","2010.283","1197.3","-201","100","1.31535768351296","480","0.100000921264398","5.00000083626208","2011.59835768351","5.83419703846376","1.08859821251351","0.115455241943511","0.141297794032289"
"2003-03-12","2010-04-12","2010.281","1196.48","-202","100","1.31706631244015","480","0.100005564653963","5.00000285926864","2011.59806631244","5.83477650215904","1.08811837241579","0.115513353294692","0.141272114093888"
"2003-03-12","2010-04-09","2010.272","1194.37","-205","100","1.32577285486809","483","0.099999993094534","5.00000419623192","2011.59777285487","5.83525091314522","1.08774573461903","0.115573363390998","0.141248564045835"
"2003-03-12","2010-04-08","2010.269","1186.44","-206","100","1.3285812512504","484","0.100012588623809","5.00002939534947","2011.59758125125","5.83602786439438","1.08707818032914","0.115602136142798","0.141241619742195"
"2003-03-12","2010-04-07","2010.267","1182.45","-207","100","1.32999548919292","485","0.100000381976925","5.00000387614698","2011.59699548919","5.83627745326996","1.08692602791106","0.115731567599498","0.141172155986788"
"2003-03-12","2010-04-06","2010.264","1189.44","-208","100","1.33253048882762","486","0.10000036701162","5.00000113673661","2011.59653048883","5.83687919761829","1.08644637378369","0.115826423477512","0.141125792749607"
"2003-03-12","2010-04-05","2010.261","1187.44","-209","100","1.33511064367644","487","0.100012067972159","5.00000783778611","2011.59611064368","5.83747929174006","1.08594471151063","0.115908990281196","0.141080949786052"
"2003-03-12","2010-04-02","2010.25","1169.43","-212","100","1.34569023765857","491","0.100002086735412","5.00000318332867","2011.59569023766","5.83787496960626","1.0856541925539","0.11599643855773","0.141039874546786"
"2003-03-12","2010-04-01","2010.25","1169.43","-213","100","1.34567212856405","491","0.100003737205996","5.00000025706698","2011.59567212856","5.83787508964816","1.08565228860356","0.116000824010445","0.141036082619957"
"2003-03-12","2010-03-31","2010.25","1169.43","-214","100","1.34503895217426","490","0.100027183482627","5.00000022830645","2011.59503895217","5.83854647118901","1.08508285728404","0.116127571063289","0.140957538890053"
"2003-03-12","2010-03-30","2010.247","1173.27","-215","100","1.34748343758565","491","0.100004699563643","5.00000102679324","2011.59448343759","5.8390099494053","1.08476537921548","0.116241103940886","0.140907842628353"
"2003-03-12","2010-03-29","2010.244","1173.22","-216","100","1.34986981662814","492","0.100000582277886","5.00001102371639","2011.59386981663","5.83950003580074","1.08439712021081","0.11636427621671","0.140842976021231"
"2003-03-12","2010-03-26","2010.236","1166.59","-219","100","1.35726887234546","495","0.100000256413022","5.00001387989515","2011.59326887235","5.84004132532305","1.08397758489663","0.116485025660314","0.140777890708102"
"2003-03-12","2010-03-25","2010.233","1165.73","-220","100","1.3595807816755","496","0.100000167071761","5.0000035095465","2011.59258078168","5.84060088913127","1.08354704071193","0.116625385882296","0.140699205655252"
"2003-03-12","2010-03-24","2010.231","1167.72","-221","100","1.3612017801106","496","0.100043139399279","5.00010867188247","2011.59220178011","5.84191769220486","1.08238177014811","0.116667612974322","0.140680418840613"
"2003-03-12","2010-03-23","2010.228","1174.17","-222","100","1.36319023547526","497","0.100006186210923","5.00002410050589","2011.59119023548","5.84170030341565","1.08269389174133","0.116900667559063","0.140542924301177"
"2003-03-12","2010-03-22","2010.225","1165.81","-223","100","1.36560282231335","498","0.100000393027272","5.00000013799216","2011.59060282231","5.84209641905771","1.08240487735924","0.11702364947201","0.140473518821522"
"2003-03-12","2010-03-19","2010.217","1159.9","-226","100","1.37290480430966","501","0.100001238833675","5.00000041046126","2011.58990480431","5.8426163413457","1.08200699005122","0.117163321537444","0.140393245092957"
"2003-03-12","2010-03-18","2010.214","1165.83","-227","100","1.37509257176998","501","0.100000685170247","5.00000340462335","2011.58909257177","5.84307218703526","1.08167312925043","0.117326294461179","0.140296877746047"
"2003-03-12","2010-03-17","2010.211","1166.21","-228","100","1.37738955790792","502","0.100018465460516","5.00001096742684","2011.58838955791","5.84368707585132","1.08116529680429","0.117462959346878","0.140210638961403"
"2003-03-12","2010-03-16","2010.208","1159.46","-229","100","1.37977057010494","503","0.100003251113999","5.00001427918605","2011.58777057011","5.84400189842824","1.08096405134654","0.117586595907375","0.140144045179802"
"2003-03-12","2010-03-15","2010.206","1150.51","-230","100","1.38104318429532","504","0.10000030280415","5.00001378586709","2011.5870431843","5.84449181995684","1.08059947589761","0.117730746796292","0.140060287244027"
"2003-03-12","2010-03-12","2010.197","1149.99","-233","100","1.38907411614218","507","0.100007989918467","5.00000290609919","2011.58607411614","5.84506516760096","1.08016076262609","0.117926043809405","0.139938216864334"
"2003-03-12","2010-03-11","2010.194","1150.24","-234","100","1.3910985972841","507","0.100013391855058","5.00000253072571","2011.58509859728","5.84552808910002","1.07982024091851","0.11812102825807","0.139814967588426"
"2003-03-12","2010-03-10","2010.192","1145.61","-235","100","1.39226663392355","508","0.100005456978248","5.00000426879259","2011.58426663392","5.84597904140157","1.07950367193125","0.118285160812947","0.13971819094561"
"2003-03-12","2010-03-09","2010.189","1140.45","-236","100","1.394283108011","508","0.100002131635325","5.00000007004633","2011.58328310801","5.84643512929731","1.07918425284572","0.118481724311169","0.139596973671808"
"2003-03-12","2010-03-08","2010.186","1138.5","-237","100","1.39622541533572","509","0.100000522453128","5.00000168301545","2011.58222541534","5.84694685432393","1.07881937364719","0.118691231841462","0.13946686699464"
"2003-03-12","2010-03-05","2010.178","1138.7","-240","100","1.40304706074448","512","0.100000018954231","5.00000315541084","2011.58104706074","5.84737507250422","1.07853124731521","0.118926853925863","0.139316711246334"
"2003-03-12","2010-03-04","2010.175","1122.97","-241","100","1.40512496509018","512","0.100002934286371","5.00001873174602","2011.58012496509","5.84803474138567","1.07802402169965","0.119101495042172","0.139208798039233"
"2003-03-12","2010-03-03","2010.172","1118.79","-242","100","1.4067771154912","513","0.100004292746533","5.00000558623003","2011.57877711549","5.84864541260947","1.07758727350021","0.119369588407514","0.139035699089391"
"2003-03-12","2010-03-02","2010.169","1118.31","-243","100","1.40827880986308","514","0.100014075957599","5.00001459346322","2011.57727880986","5.84927230905662","1.07713244408975","0.119664046538584","0.13884086701852"
"2003-03-12","2010-03-01","2010.167","1115.71","-244","100","1.40887321108789","514","0.100013461719672","5.00002185556927","2011.57587321109","5.84989117770544","1.07669622353314","0.119938933042338","0.138663190883987"
"2003-03-12","2010-02-26","2010.153","1104.49","-247","100","1.42142913794487","518","0.100001085030938","5.00000123724883","2011.57442913794","5.85043510637447","1.07634547594995","0.120227551469356","0.138478500434923"
"2003-03-12","2010-02-25","2010.15","1102.94","-248","100","1.42279077290277","519","0.100004059866633","5.00000200012672","2011.5727907729","5.85108428998635","1.07589095663438","0.120547443665048","0.138264092294531"
"2003-03-12","2010-02-24","2010.147","1105.24","-249","100","1.4241585314478","519","0.100000702598183","5.00000314088067","2011.57115853145","5.85170645545014","1.07546978303277","0.12086563390171","0.138052223389255"
"2003-03-12","2010-02-23","2010.144","1094.6","-250","100","1.42611143956105","520","0.100038354425419","5.00009413108777","2011.57011143956","5.85327752481821","1.0741362642763","0.121030591853264","0.137944012966342"
"2003-03-12","2010-02-22","2010.142","1108.01","-251","100","1.42577868589797","520","0.100000037982623","5.0000004965675","2011.5677786859","5.85304980592979","1.07453964461193","0.121523116073171","0.137607726319197"
"2003-03-12","2010-02-19","2010.133","1109.17","-254","100","1.43331387193962","523","0.100004352669861","5.00000646189564","2011.56631387194","5.85377790970109","1.07400457818602","0.121803523294282","0.137416769008585"
"2003-03-12","2010-02-18","2010.131","1106.75","-255","100","1.43389040650732","523","0.100006274320319","5.00000238203978","2011.56489040651","5.85440067727341","1.07355994743068","0.122077755049946","0.137227322970411"
"2003-03-12","2010-02-17","2010.128","1099.51","-256","100","1.43531730278482","523","0.100001983088276","5.00000113597345","2011.56331730278","5.8548649828804","1.0732703586784","0.122384317107254","0.137014787615354"
"2003-03-12","2010-02-16","2010.125","1094.87","-257","100","1.43640721136785","524","0.100005191658004","5.00002271401676","2011.56140721137","5.85523750714386","1.07306807351916","0.12275648601878","0.136749898262068"
"2003-03-12","2010-02-15","2010.114","1075.51","-258","100","1.44594745523159","527","0.100002914208975","5.0000069526104","2011.55994745523","5.85618903321943","1.07235210209666","0.123031378034153","0.136561903708188"
"2003-03-12","2010-02-12","2010.114","1075.51","-261","100","1.44595545916513","527","0.100001239816691","5.00000565388829","2011.55995545917","5.85618007273003","1.07236203055618","0.123030079755841","0.136563463733307"
"2003-03-12","2010-02-11","2010.111","1078.47","-262","100","1.44690264172641","528","0.1000007374423","5.00000467499765","2011.55790264173","5.85696517343805","1.07182183546575","0.123422274416414","0.136284335312685"
"2003-03-12","2010-02-10","2010.108","1068.13","-263","100","1.44788382296156","528","0.100000129283069","5.0000004338414","2011.55588382296","5.85769438421874","1.0713271846005","0.123808969408776","0.136006606108874"
"2003-03-12","2010-02-09","2010.106","1070.52","-264","100","1.44776497813859","528","0.100002377417083","5.00014283349203","2011.55376497814","5.85855559128703","1.07072572156908","0.124184837895956","0.135741634567191"
"2003-03-12","2010-02-08","2010.103","1056.74","-265","100","1.44849477925004","528","0.100000095665201","5.00000736338397","2011.55149477925","5.85935484147666","1.07018595202607","0.124643399108677","0.135402189829672"
"2003-03-12","2010-02-05","2010.094","1066.19","-268","100","1.45508361552743","531","0.100020473406512","5.0000077978946","2011.54908361553","5.86058491984778","1.06925347511154","0.125095940529147","0.135064921822283"
"2003-03-12","2010-02-04","2010.092","1063.11","-269","100","1.4545378933758","530","0.100036920147853","5.00001309005225","2011.54653789338","5.86123913288644","1.06882678380287","0.125584885717905","0.1346917247177"
"2003-03-12","2010-02-03","2010.089","1097.28","-270","100","1.45556760928525","531","0.100001632101646","5.00000079601163","2011.54456760929","5.86205154695416","1.06831555587517","0.125954256063146","0.134431786259754"
